layer,character,category,expert,assignments
0,"""\n""",Whitespace,0,164
0,"""\n""",Whitespace,1,4469
0,"""\n""",Whitespace,2,1731
0,"""\n""",Whitespace,3,2580
0,""" """,Whitespace,0,16608
0,""" """,Whitespace,1,14305
0,""" """,Whitespace,2,2303
0,""" """,Whitespace,3,0
0,"""!""",Punctuation,0,13
0,"""!""",Punctuation,1,82
0,"""!""",Punctuation,2,257
0,"""!""",Punctuation,3,164
0,"""$""",Punctuation,0,0
0,"""$""",Punctuation,1,0
0,"""$""",Punctuation,2,0
0,"""$""",Punctuation,3,0
0,"""&""",Punctuation,0,0
0,"""&""",Punctuation,1,0
0,"""&""",Punctuation,2,0
0,"""&""",Punctuation,3,0
0,"""'""",Punctuation,0,624
0,"""'""",Punctuation,1,96
0,"""'""",Punctuation,2,359
0,"""'""",Punctuation,3,169
0,""",""",Punctuation,0,372
0,""",""",Punctuation,1,2138
0,""",""",Punctuation,2,17
0,""",""",Punctuation,3,1749
0,"""-""",Punctuation,0,137
0,"""-""",Punctuation,1,0
0,"""-""",Punctuation,2,209
0,"""-""",Punctuation,3,72
0,""".""",Punctuation,0,460
0,""".""",Punctuation,1,214
0,""".""",Punctuation,2,924
0,""".""",Punctuation,3,250
0,"""3""",Punctuation,0,0
0,"""3""",Punctuation,1,0
0,"""3""",Punctuation,2,0
0,"""3""",Punctuation,3,0
0,""":""",Punctuation,0,724
0,""":""",Punctuation,1,20
0,""":""",Punctuation,2,1272
0,""":""",Punctuation,3,528
0,""";""",Punctuation,0,9
0,""";""",Punctuation,1,393
0,""";""",Punctuation,2,12
0,""";""",Punctuation,3,378
0,"""?""",Punctuation,0,14
0,"""?""",Punctuation,1,242
0,"""?""",Punctuation,2,291
0,"""?""",Punctuation,3,35
0,"""A""",Uppercase,0,105
0,"""A""",Uppercase,1,1
0,"""A""",Uppercase,2,1170
0,"""A""",Uppercase,3,1066
0,"""B""",Uppercase,0,0
0,"""B""",Uppercase,1,0
0,"""B""",Uppercase,2,343
0,"""B""",Uppercase,3,343
0,"""C""",Uppercase,0,27
0,"""C""",Uppercase,1,0
0,"""C""",Uppercase,2,340
0,"""C""",Uppercase,3,313
0,"""D""",Uppercase,0,0
0,"""D""",Uppercase,1,0
0,"""D""",Uppercase,2,148
0,"""D""",Uppercase,3,148
0,"""E""",Uppercase,0,0
0,"""E""",Uppercase,1,0
0,"""E""",Uppercase,2,474
0,"""E""",Uppercase,3,474
0,"""F""",Uppercase,0,0
0,"""F""",Uppercase,1,0
0,"""F""",Uppercase,2,106
0,"""F""",Uppercase,3,106
0,"""G""",Uppercase,0,0
0,"""G""",Uppercase,1,169
0,"""G""",Uppercase,2,76
0,"""G""",Uppercase,3,175
0,"""H""",Uppercase,0,0
0,"""H""",Uppercase,1,159
0,"""H""",Uppercase,2,258
0,"""H""",Uppercase,3,417
0,"""I""",Uppercase,0,93
0,"""I""",Uppercase,1,1291
0,"""I""",Uppercase,2,214
0,"""I""",Uppercase,3,1384
0,"""J""",Uppercase,0,0
0,"""J""",Uppercase,1,0
0,"""J""",Uppercase,2,8
0,"""J""",Uppercase,3,8
0,"""K""",Uppercase,0,0
0,"""K""",Uppercase,1,167
0,"""K""",Uppercase,2,0
0,"""K""",Uppercase,3,167
0,"""L""",Uppercase,0,0
0,"""L""",Uppercase,1,1
0,"""L""",Uppercase,2,278
0,"""L""",Uppercase,3,279
0,"""M""",Uppercase,0,0
0,"""M""",Uppercase,1,0
0,"""M""",Uppercase,2,225
0,"""M""",Uppercase,3,225
0,"""N""",Uppercase,0,63
0,"""N""",Uppercase,1,109
0,"""N""",Uppercase,2,587
0,"""N""",Uppercase,3,633
0,"""O""",Uppercase,0,541
0,"""O""",Uppercase,1,105
0,"""O""",Uppercase,2,274
0,"""O""",Uppercase,3,920
0,"""P""",Uppercase,0,14
0,"""P""",Uppercase,1,0
0,"""P""",Uppercase,2,441
0,"""P""",Uppercase,3,427
0,"""Q""",Uppercase,0,0
0,"""Q""",Uppercase,1,0
0,"""Q""",Uppercase,2,1
0,"""Q""",Uppercase,3,1
0,"""R""",Uppercase,0,0
0,"""R""",Uppercase,1,306
0,"""R""",Uppercase,2,328
0,"""R""",Uppercase,3,634
0,"""S""",Uppercase,0,99
0,"""S""",Uppercase,1,61
0,"""S""",Uppercase,2,392
0,"""S""",Uppercase,3,398
0,"""T""",Uppercase,0,494
0,"""T""",Uppercase,1,696
0,"""T""",Uppercase,2,350
0,"""T""",Uppercase,3,546
0,"""U""",Uppercase,0,0
0,"""U""",Uppercase,1,116
0,"""U""",Uppercase,2,140
0,"""U""",Uppercase,3,256
0,"""V""",Uppercase,0,0
0,"""V""",Uppercase,1,50
0,"""V""",Uppercase,2,2
0,"""V""",Uppercase,3,52
0,"""W""",Uppercase,0,133
0,"""W""",Uppercase,1,317
0,"""W""",Uppercase,2,0
0,"""W""",Uppercase,3,184
0,"""X""",Uppercase,0,0
0,"""X""",Uppercase,1,0
0,"""X""",Uppercase,2,0
0,"""X""",Uppercase,3,0
0,"""Y""",Uppercase,0,0
0,"""Y""",Uppercase,1,37
0,"""Y""",Uppercase,2,33
0,"""Y""",Uppercase,3,70
0,"""Z""",Uppercase,0,0
0,"""Z""",Uppercase,1,0
0,"""Z""",Uppercase,2,37
0,"""Z""",Uppercase,3,37
0,"""a""",Lowercase,0,5784
0,"""a""",Lowercase,1,541
0,"""a""",Lowercase,2,3465
0,"""a""",Lowercase,3,1778
0,"""b""",Lowercase,0,19
0,"""b""",Lowercase,1,0
0,"""b""",Lowercase,2,1085
0,"""b""",Lowercase,3,1066
0,"""c""",Lowercase,0,18
0,"""c""",Lowercase,1,763
0,"""c""",Lowercase,2,700
0,"""c""",Lowercase,3,1481
0,"""d""",Lowercase,0,167
0,"""d""",Lowercase,1,2895
0,"""d""",Lowercase,2,0
0,"""d""",Lowercase,3,2728
0,"""e""",Lowercase,0,7551
0,"""e""",Lowercase,1,9108
0,"""e""",Lowercase,2,390
0,"""e""",Lowercase,3,1167
0,"""f""",Lowercase,0,890
0,"""f""",Lowercase,1,1464
0,"""f""",Lowercase,2,0
0,"""f""",Lowercase,3,574
0,"""g""",Lowercase,0,149
0,"""g""",Lowercase,1,1263
0,"""g""",Lowercase,2,0
0,"""g""",Lowercase,3,1114
0,"""h""",Lowercase,0,197
0,"""h""",Lowercase,1,3060
0,"""h""",Lowercase,2,1658
0,"""h""",Lowercase,3,4915
0,"""i""",Lowercase,0,4548
0,"""i""",Lowercase,1,186
0,"""i""",Lowercase,2,3245
0,"""i""",Lowercase,3,1117
0,"""j""",Lowercase,0,0
0,"""j""",Lowercase,1,0
0,"""j""",Lowercase,2,40
0,"""j""",Lowercase,3,40
0,"""k""",Lowercase,0,0
0,"""k""",Lowercase,1,692
0,"""k""",Lowercase,2,0
0,"""k""",Lowercase,3,692
0,"""l""",Lowercase,0,961
0,"""l""",Lowercase,1,2010
0,"""l""",Lowercase,2,126
0,"""l""",Lowercase,3,3097
0,"""m""",Lowercase,0,91
0,"""m""",Lowercase,1,2088
0,"""m""",Lowercase,2,108
0,"""m""",Lowercase,3,2263
0,"""n""",Lowercase,0,383
0,"""n""",Lowercase,1,2372
0,"""n""",Lowercase,2,2317
0,"""n""",Lowercase,3,4344
0,"""o""",Lowercase,0,6274
0,"""o""",Lowercase,1,778
0,"""o""",Lowercase,2,3531
0,"""o""",Lowercase,3,1965
0,"""p""",Lowercase,0,125
0,"""p""",Lowercase,1,85
0,"""p""",Lowercase,2,777
0,"""p""",Lowercase,3,987
0,"""q""",Lowercase,0,0
0,"""q""",Lowercase,1,0
0,"""q""",Lowercase,2,46
0,"""q""",Lowercase,3,46
0,"""r""",Lowercase,0,1255
0,"""r""",Lowercase,1,2680
0,"""r""",Lowercase,2,680
0,"""r""",Lowercase,3,4613
0,"""s""",Lowercase,0,1037
0,"""s""",Lowercase,1,4869
0,"""s""",Lowercase,2,990
0,"""s""",Lowercase,3,2846
0,"""t""",Lowercase,0,3413
0,"""t""",Lowercase,1,6616
0,"""t""",Lowercase,2,11
0,"""t""",Lowercase,3,3192
0,"""u""",Lowercase,0,2475
0,"""u""",Lowercase,1,574
0,"""u""",Lowercase,2,0
0,"""u""",Lowercase,3,2003
0,"""v""",Lowercase,0,0
0,"""v""",Lowercase,1,616
0,"""v""",Lowercase,2,79
0,"""v""",Lowercase,3,695
0,"""w""",Lowercase,0,564
0,"""w""",Lowercase,1,1827
0,"""w""",Lowercase,2,0
0,"""w""",Lowercase,3,1263
0,"""x""",Lowercase,0,0
0,"""x""",Lowercase,1,40
0,"""x""",Lowercase,2,9
0,"""x""",Lowercase,3,49
0,"""y""",Lowercase,0,1356
0,"""y""",Lowercase,1,2047
0,"""y""",Lowercase,2,9
0,"""y""",Lowercase,3,682
0,"""z""",Lowercase,0,0
0,"""z""",Lowercase,1,28
0,"""z""",Lowercase,2,8
0,"""z""",Lowercase,3,36
1,"""\n""",Whitespace,0,4466
1,"""\n""",Whitespace,1,4062
1,"""\n""",Whitespace,2,1
1,"""\n""",Whitespace,3,415
1,""" """,Whitespace,0,10736
1,""" """,Whitespace,1,15973
1,""" """,Whitespace,2,21
1,""" """,Whitespace,3,6486
1,"""!""",Punctuation,0,1
1,"""!""",Punctuation,1,250
1,"""!""",Punctuation,2,258
1,"""!""",Punctuation,3,7
1,"""$""",Punctuation,0,0
1,"""$""",Punctuation,1,0
1,"""$""",Punctuation,2,0
1,"""$""",Punctuation,3,0
1,"""&""",Punctuation,0,0
1,"""&""",Punctuation,1,0
1,"""&""",Punctuation,2,0
1,"""&""",Punctuation,3,0
1,"""'""",Punctuation,0,66
1,"""'""",Punctuation,1,254
1,"""'""",Punctuation,2,561
1,"""'""",Punctuation,3,367
1,""",""",Punctuation,0,38
1,""",""",Punctuation,1,1957
1,""",""",Punctuation,2,2138
1,""",""",Punctuation,3,143
1,"""-""",Punctuation,0,0
1,"""-""",Punctuation,1,26
1,"""-""",Punctuation,2,209
1,"""-""",Punctuation,3,183
1,""".""",Punctuation,0,2
1,""".""",Punctuation,1,917
1,""".""",Punctuation,2,924
1,""".""",Punctuation,3,5
1,"""3""",Punctuation,0,0
1,"""3""",Punctuation,1,0
1,"""3""",Punctuation,2,0
1,"""3""",Punctuation,3,0
1,""":""",Punctuation,0,811
1,""":""",Punctuation,1,280
1,""":""",Punctuation,2,1272
1,""":""",Punctuation,3,181
1,""";""",Punctuation,0,3
1,""";""",Punctuation,1,351
1,""";""",Punctuation,2,396
1,""";""",Punctuation,3,42
1,"""?""",Punctuation,0,0
1,"""?""",Punctuation,1,289
1,"""?""",Punctuation,2,291
1,"""?""",Punctuation,3,2
1,"""A""",Uppercase,0,855
1,"""A""",Uppercase,1,355
1,"""A""",Uppercase,2,193
1,"""A""",Uppercase,3,939
1,"""B""",Uppercase,0,246
1,"""B""",Uppercase,1,301
1,"""B""",Uppercase,2,133
1,"""B""",Uppercase,3,6
1,"""C""",Uppercase,0,329
1,"""C""",Uppercase,1,337
1,"""C""",Uppercase,2,2
1,"""C""",Uppercase,3,12
1,"""D""",Uppercase,0,121
1,"""D""",Uppercase,1,111
1,"""D""",Uppercase,2,1
1,"""D""",Uppercase,3,63
1,"""E""",Uppercase,0,465
1,"""E""",Uppercase,1,182
1,"""E""",Uppercase,2,130
1,"""E""",Uppercase,3,171
1,"""F""",Uppercase,0,6
1,"""F""",Uppercase,1,105
1,"""F""",Uppercase,2,0
1,"""F""",Uppercase,3,101
1,"""G""",Uppercase,0,147
1,"""G""",Uppercase,1,209
1,"""G""",Uppercase,2,1
1,"""G""",Uppercase,3,63
1,"""H""",Uppercase,0,270
1,"""H""",Uppercase,1,295
1,"""H""",Uppercase,2,269
1,"""H""",Uppercase,3,0
1,"""I""",Uppercase,0,991
1,"""I""",Uppercase,1,1141
1,"""I""",Uppercase,2,802
1,"""I""",Uppercase,3,48
1,"""J""",Uppercase,0,3
1,"""J""",Uppercase,1,8
1,"""J""",Uppercase,2,5
1,"""J""",Uppercase,3,0
1,"""K""",Uppercase,0,144
1,"""K""",Uppercase,1,167
1,"""K""",Uppercase,2,22
1,"""K""",Uppercase,3,1
1,"""L""",Uppercase,0,261
1,"""L""",Uppercase,1,216
1,"""L""",Uppercase,2,29
1,"""L""",Uppercase,3,52
1,"""M""",Uppercase,0,159
1,"""M""",Uppercase,1,149
1,"""M""",Uppercase,2,138
1,"""M""",Uppercase,3,4
1,"""N""",Uppercase,0,564
1,"""N""",Uppercase,1,448
1,"""N""",Uppercase,2,242
1,"""N""",Uppercase,3,138
1,"""O""",Uppercase,0,894
1,"""O""",Uppercase,1,874
1,"""O""",Uppercase,2,72
1,"""O""",Uppercase,3,0
1,"""P""",Uppercase,0,400
1,"""P""",Uppercase,1,440
1,"""P""",Uppercase,2,17
1,"""P""",Uppercase,3,25
1,"""Q""",Uppercase,0,0
1,"""Q""",Uppercase,1,1
1,"""Q""",Uppercase,2,1
1,"""Q""",Uppercase,3,0
1,"""R""",Uppercase,0,632
1,"""R""",Uppercase,1,570
1,"""R""",Uppercase,2,64
1,"""R""",Uppercase,3,2
1,"""S""",Uppercase,0,417
1,"""S""",Uppercase,1,420
1,"""S""",Uppercase,2,16
1,"""S""",Uppercase,3,97
1,"""T""",Uppercase,0,622
1,"""T""",Uppercase,1,983
1,"""T""",Uppercase,2,47
1,"""T""",Uppercase,3,434
1,"""U""",Uppercase,0,244
1,"""U""",Uppercase,1,149
1,"""U""",Uppercase,2,94
1,"""U""",Uppercase,3,25
1,"""V""",Uppercase,0,52
1,"""V""",Uppercase,1,52
1,"""V""",Uppercase,2,0
1,"""V""",Uppercase,3,0
1,"""W""",Uppercase,0,12
1,"""W""",Uppercase,1,317
1,"""W""",Uppercase,2,305
1,"""W""",Uppercase,3,0
1,"""X""",Uppercase,0,0
1,"""X""",Uppercase,1,0
1,"""X""",Uppercase,2,0
1,"""X""",Uppercase,3,0
1,"""Y""",Uppercase,0,54
1,"""Y""",Uppercase,1,67
1,"""Y""",Uppercase,2,19
1,"""Y""",Uppercase,3,0
1,"""Z""",Uppercase,0,37
1,"""Z""",Uppercase,1,1
1,"""Z""",Uppercase,2,36
1,"""Z""",Uppercase,3,0
1,"""a""",Lowercase,0,552
1,"""a""",Lowercase,1,1930
1,"""a""",Lowercase,2,3306
1,"""a""",Lowercase,3,5780
1,"""b""",Lowercase,0,223
1,"""b""",Lowercase,1,1080
1,"""b""",Lowercase,2,865
1,"""b""",Lowercase,3,2
1,"""c""",Lowercase,0,518
1,"""c""",Lowercase,1,1467
1,"""c""",Lowercase,2,879
1,"""c""",Lowercase,3,98
1,"""d""",Lowercase,0,39
1,"""d""",Lowercase,1,2728
1,"""d""",Lowercase,2,2518
1,"""d""",Lowercase,3,505
1,"""e""",Lowercase,0,4618
1,"""e""",Lowercase,1,1222
1,"""e""",Lowercase,2,8301
1,"""e""",Lowercase,3,4075
1,"""f""",Lowercase,0,66
1,"""f""",Lowercase,1,1462
1,"""f""",Lowercase,2,1236
1,"""f""",Lowercase,3,164
1,"""g""",Lowercase,0,627
1,"""g""",Lowercase,1,1253
1,"""g""",Lowercase,2,574
1,"""g""",Lowercase,3,72
1,"""h""",Lowercase,0,161
1,"""h""",Lowercase,1,4887
1,"""h""",Lowercase,2,4146
1,"""h""",Lowercase,3,636
1,"""i""",Lowercase,0,637
1,"""i""",Lowercase,1,849
1,"""i""",Lowercase,2,3072
1,"""i""",Lowercase,3,4538
1,"""j""",Lowercase,0,5
1,"""j""",Lowercase,1,39
1,"""j""",Lowercase,2,36
1,"""j""",Lowercase,3,0
1,"""k""",Lowercase,0,145
1,"""k""",Lowercase,1,689
1,"""k""",Lowercase,2,550
1,"""k""",Lowercase,3,0
1,"""l""",Lowercase,0,311
1,"""l""",Lowercase,1,2356
1,"""l""",Lowercase,2,2781
1,"""l""",Lowercase,3,746
1,"""m""",Lowercase,0,42
1,"""m""",Lowercase,1,1963
1,"""m""",Lowercase,2,2066
1,"""m""",Lowercase,3,479
1,"""n""",Lowercase,0,655
1,"""n""",Lowercase,1,2151
1,"""n""",Lowercase,2,4693
1,"""n""",Lowercase,3,1917
1,"""o""",Lowercase,0,1330
1,"""o""",Lowercase,1,2851
1,"""o""",Lowercase,2,2097
1,"""o""",Lowercase,3,6270
1,"""p""",Lowercase,0,69
1,"""p""",Lowercase,1,984
1,"""p""",Lowercase,2,918
1,"""p""",Lowercase,3,3
1,"""q""",Lowercase,0,3
1,"""q""",Lowercase,1,46
1,"""q""",Lowercase,2,43
1,"""q""",Lowercase,3,0
1,"""r""",Lowercase,0,652
1,"""r""",Lowercase,1,2439
1,"""r""",Lowercase,2,3900
1,"""r""",Lowercase,3,2237
1,"""s""",Lowercase,0,1642
1,"""s""",Lowercase,1,3948
1,"""s""",Lowercase,2,3870
1,"""s""",Lowercase,3,282
1,"""t""",Lowercase,0,4596
1,"""t""",Lowercase,1,6490
1,"""t""",Lowercase,2,1738
1,"""t""",Lowercase,3,408
1,"""u""",Lowercase,0,176
1,"""u""",Lowercase,1,440
1,"""u""",Lowercase,2,1920
1,"""u""",Lowercase,3,2516
1,"""v""",Lowercase,0,2
1,"""v""",Lowercase,1,695
1,"""v""",Lowercase,2,692
1,"""v""",Lowercase,3,1
1,"""w""",Lowercase,0,750
1,"""w""",Lowercase,1,1641
1,"""w""",Lowercase,2,1224
1,"""w""",Lowercase,3,39
1,"""x""",Lowercase,0,0
1,"""x""",Lowercase,1,49
1,"""x""",Lowercase,2,49
1,"""x""",Lowercase,3,0
1,"""y""",Lowercase,0,66
1,"""y""",Lowercase,1,1790
1,"""y""",Lowercase,2,2033
1,"""y""",Lowercase,3,205
1,"""z""",Lowercase,0,0
1,"""z""",Lowercase,1,36
1,"""z""",Lowercase,2,36
1,"""z""",Lowercase,3,0
