model,step,training_nll,balance_loss,validation_nll,elapsed_seconds
dense-active,1,4.186300754547119,0.0,4.052757319062948,1.1674515390000124
dense-active,100,2.579641580581665,0.0,2.567318033427,4.938849801000288
dense-active,200,2.3208320140838623,0.0,2.3121992498636246,8.660929779000071
dense-active,300,2.162760019302368,0.0,2.1313328770920634,12.552575955000066
dense-active,400,1.968251347541809,0.0,2.020563601516187,16.055669576000128
dense-active,500,1.79219388961792,0.0,1.942687994800508,19.816317976999926
dense-active,600,1.7420029640197754,0.0,1.8611646061763167,23.953901620000124
dense-active,700,1.7754284143447876,0.0,1.8216476766392589,28.374633558999903
dense-active,800,1.7079817056655884,0.0,1.7856083447113633,32.15380835399992
dense-total,1,4.163991451263428,0.0,4.018509605899453,1.230335372999889
dense-total,100,2.5635335445404053,0.0,2.554385581985116,6.18751947499959
dense-total,200,2.2439258098602295,0.0,2.229838890954852,11.296790171999874
dense-total,300,2.068254232406616,0.0,2.0677110571414232,15.977934150999772
dense-total,400,1.8764768838882446,0.0,1.9593161614611745,20.707849085999896
dense-total,500,1.7057304382324219,0.0,1.8754914002493024,25.508472858999994
dense-total,600,1.6585878133773804,0.0,1.8084996733814478,30.159323001999837
dense-total,700,1.7397031784057617,0.0,1.7681858176365495,35.42101197399961
dense-total,800,1.6658525466918945,0.0,1.7321796640753746,40.16148591399997
moe,1,4.208029270172119,1.4162051677703857,4.081810249015689,2.0661494589999165
moe,100,2.5632355213165283,1.1693857908248901,2.564297839999199,6.16230011000016
moe,200,2.305194854736328,1.1116669178009033,2.283605059608817,10.558274616999825
moe,300,2.13299298286438,1.0935622453689575,2.0993926925584674,15.232253581999885
moe,400,1.9445147514343262,1.0914649963378906,1.9787520915269852,19.140396713999962
moe,500,1.7518056631088257,1.09197998046875,1.8951340364292264,23.40500692200021
moe,600,1.6991735696792603,1.0720586776733398,1.825422128662467,28.429050897999787
moe,700,1.751704216003418,1.0745186805725098,1.7786571960896254,32.64947948899999
moe,800,1.693623423576355,1.1119340658187866,1.750252591446042,36.54152687299984
